{
  "global_popularity": {
    "product": 0.16685526315789473,
    "payment": 0.06779078947368421,
    "user": 0.16333421052631578,
    "search": 0.11093684210526315,
    "cart": 0.1500736842105263,
    "account": 0.06734473684210526,
    "order": 0.06800131578947369,
    "category": 0.06602763157894737,
    "transaction": 0.024117105263157895,
    "admin_panel": 0.04883684210526316,
    "auth": 0.06668157894736843
  },
  "failure_rates": {
    "/api/products": 0.019676635107623585,
    "/api/payments/process": 0.9437446543814634,
    "/api/user/profile": 0.7775880116797973,
    "/api/search": 0.019344814498529272,
    "/api/payments/31": 0.6959847036328872,
    "/api/user/21/role": 0.954,
    "/api/cart/22": 0.2359249329758713,
    "/api/account/delete": 0.9453253787581443,
    "/api/orders/39": 0.82421875,
    "/api/user/26/role": 0.937007874015748,
    "/api/cart/21/add": 0.26263537906137185,
    "/api/payments/15": 0.6648148148148149,
    "/api/cart/40/add": 0.23534715960324618,
    "/api/user/37/role": 0.9386138613861386,
    "/api/cart/31": 0.2273489932885906,
    "/api/cart/23/add": 0.2440106477373558,
    "/api/user/13/role": 0.9407265774378585,
    "/api/categories": 0.020127139754090192,
    "/api/transactions": 0.921490534126248,
    "/api/cart/32/add": 0.2047451669595782,
    "/api/cart/12": 0.22766323024054982,
    "/api/cart/42": 0.23601398601398602,
    "/api/user/24": 0.930841121495327,
    "/api/cart/7": 0.22084805653710246,
    "/api/orders/21": 0.8254799301919721,
    "/api/cart/44/add": 0.20743301642178047,
    "/api/cart/46/add": 0.19743589743589743,
    "/api/cart/3": 0.2206896551724138,
    "/api/orders/47": 0.8196564885496184,
    "/api/cart/1/add": 0.21969006381039197,
    "/api/cart/47": 0.20570440795159897,
    "/api/cart/11": 0.23150565709312446,
    "/api/cart/2": 0.2263986013986014,
    "/api/cart/8/add": 0.22137404580152673,
    "/api/orders/29": 0.8254716981132075,
    "/api/user/36/role": 0.9519230769230769,
    "/api/cart/34": 0.23036187113857018,
    "/api/orders/18": 0.8115653040877367,
    "/hidden_admin_portal": 0.9252044769694361,
    "/api/cart/6/add": 0.18074324324324326,
    "/api/cart/26/add": 0.23684210526315788,
    "/api/cart/27/add": 0.22418358340688438,
    "/api/cart/17": 0.23189655172413792,
    "/api/orders/9": 0.8117529880478087,
    "/api/products/11": 0.9481865284974094,
    "/api/cart/50": 0.23002633889376647,
    "/api/cart/14": 0.22777777777777777,
    "/api/cart/16": 0.2354978354978355,
    "/api/cart/13": 0.20940550133096716,
    "/api/cart/50/add": 0.2181500872600349,
    "/api/account/change-password": 0.945066915655151,
    "/api/cart/34/add": 0.20280948200175591,
    "/api/user/50": 0.9442379182156134,
    "/api/payments/16": 0.7076271186440678,
    "/api/cart/46": 0.21657754010695188,
    "/api/cart/12/add": 0.23181049069373943,
    "/api/products/34": 0.9497307001795332,
    "/api/cart/24": 0.22979109900090827,
    "/api/cart/11/add": 0.2068654019873532,
    "/api/cart/16/add": 0.21168501270110077,
    "/api/cart/48/add": 0.22046589018302828,
    "/api/products/32": 0.9471544715447154,
    "/api/payments/17": 0.7289048473967684,
    "/api/cart/9/add": 0.19299820466786355,
    "/api/cart/49": 0.22433132010353754,
    "/api/cart/8": 0.23513986013986013,
    "/api/products/19": 0.9404990403071017,
    "/api/user/5/role": 0.9385796545105566,
    "/api/orders/8": 0.8068506184586108,
    "/api/user/35/role": 0.9583333333333334,
    "/api/cart/5": 0.2351421188630491,
    "/api/user/9": 0.9645833333333333,
    "/api/products/26": 0.9510204081632653,
    "/api/cart/38": 0.22673434856175972,
    "/api/cart/36": 0.20656028368794327,
    "/api/orders/19": 0.8238747553816047,
    "/api/cart/19/add": 0.2154648132059079,
    "/api/orders/23": 0.8301886792452831,
    "/api/cart/41": 0.22532751091703057,
    "/api/products/46": 0.9474708171206225,
    "/api/products/4": 0.9558232931726908,
    "/api/orders/20": 0.8344497607655502,
    "/api/products/27": 0.9431372549019608,
    "/api/orders/36": 0.8229056203605515,
    "/api/cart/41/add": 0.2074074074074074,
    "/api/cart/43": 0.21415770609318996,
    "/api/user/47/role": 0.9456740442655935,
    "/api/cart/28": 0.2222222222222222,
    "/api/user/20/role": 0.9461538461538461,
    "/api/cart/25": 0.20983318700614575,
    "/api/cart/39": 0.2171331636980492,
    "/api/user/37": 0.9503105590062112,
    "/api/cart/2/add": 0.2297650130548303,
    "/api/cart/21": 0.22527944969905417,
    "/api/products/14": 0.9307692307692308,
    "/api/payments/8": 0.7185741088180112,
    "/api/user/16": 0.9542857142857143,
    "/api/payments/4": 0.699047619047619,
    "/api/user/15": 0.9457831325301205,
    "/api/orders/37": 0.8224674022066198,
    "/api/orders/1": 0.8399629972247918,
    "/api/orders/34": 0.8128031037827352,
    "/api/cart/4/add": 0.2244718309859155,
    "/api/user/25/role": 0.9515503875968992,
    "/api/cart/33/add": 0.2163375224416517,
    "/api/cart/29/add": 0.23907225691347012,
    "/api/user/31/role": 0.9481037924151696,
    "/api/cart/15": 0.2444633730834753,
    "/api/products/38": 0.9358490566037736,
    "/api/orders/16": 0.8079673135852911,
    "/api/cart/23": 0.21502590673575128,
    "/api/user/47": 0.9430740037950665,
    "/api/orders/41": 0.8247126436781609,
    "/api/user/6/role": 0.9300567107750473,
    "/api/cart/37": 0.2120689655172414,
    "/api/payments/46": 0.6618962432915921,
    "/api/cart/36/add": 0.2389455782312925,
    "/api/user/40": 0.9315589353612167,
    "/api/user/4": 0.9467680608365019,
    "/api/cart/39/add": 0.21479500891265596,
    "/api/cart/33": 0.23006416131989002,
    "/api/cart/42/add": 0.20639032815198619,
    "/api/admin": 0.9190589251025254,
    "/api/orders/35": 0.8091168091168092,
    "/api/cart/29": 0.20776874435411022,
    "/api/cart/28/add": 0.22502250225022502,
    "/api/cart/44": 0.21048034934497817,
    "/api/payments/6": 0.7197452229299363,
    "/api/user/43/role": 0.9371428571428572,
    "/api/products/50": 0.9499036608863198,
    "/api/cart/9": 0.20559930008748906,
    "/api/cart/32": 0.23957409050576753,
    "/api/cart/38/add": 0.2206896551724138,
    "/api/products/43": 0.9393939393939394,
    "/api/cart/40": 0.2323943661971831,
    "/api/user/35": 0.9392156862745098,
    "/api/user/3": 0.9312839059674503,
    "/api/user/7/role": 0.9424460431654677,
    "/api/payments/45": 0.6857142857142857,
    "/api/user/38": 0.9378330373001776,
    "/api/cart/3/add": 0.23788546255506607,
    "/api/user/16/role": 0.9359223300970874,
    "/api/orders/50": 0.8341187558906692,
    "/api/orders/15": 0.8358778625954199,
    "/api/products/35": 0.949685534591195,
    "/api/user/2": 0.9325153374233128,
    "/api/cart/18/add": 0.23411371237458195,
    "/api/payments/35": 0.7038327526132404,
    "/api/user/42": 0.93158953722334,
    "/api/cart/48": 0.213215859030837,
    "/api/orders/32": 0.812206572769953,
    "/api/cart/20": 0.224,
    "/api/cart/1": 0.22323049001814882,
    "/api/orders/4": 0.810891089108911,
    "/api/payments/22": 0.6810176125244618,
    "/api/user/7": 0.9457202505219207,
    "/api/user/44/role": 0.9465648854961832,
    "/api/products/7": 0.9377358490566038,
    "/api/cart/27": 0.23130434782608697,
    "/api/cart/14/add": 0.2542372881355932,
    "/api/user/27": 0.9069767441860465,
    "/api/payments/21": 0.6961538461538461,
    "/api/payments/9": 0.678,
    "/api/products/16": 0.92578125,
    "/api/orders/17": 0.8197343453510436,
    "/api/orders/10": 0.8087804878048781,
    "/api/user/4/role": 0.9445506692160612,
    "/api/cart/7/add": 0.2328042328042328,
    "/api/products/37": 0.9437984496124031,
    "/api/user/38/role": 0.9517102615694165,
    "/api/payments/40": 0.7044534412955465,
    "/api/orders/26": 0.8278210116731517,
    "/api/payments/12": 0.6819047619047619,
    "/api/cart/19": 0.23217391304347826,
    "/api/cart/35/add": 0.22934973637961337,
    "/api/user/20": 0.9486692015209125,
    "/api/user/34": 0.9431372549019608,
    "/api/payments/37": 0.6792079207920793,